Ticket ID;Date;Fixed Commits;Affected Versions
SYNCOPE-181;2012-08-06;0;1
SYNCOPE-180;2012-08-02;0;1
SYNCOPE-179;2012-08-01;0;1
SYNCOPE-178;2012-08-01;0;1
SYNCOPE-118;2012-07-27;1;1
SYNCOPE-117;2012-07-27;1;1
SYNCOPE-115;2012-07-26;1;1
SYNCOPE-114;2012-07-20;1;1
SYNCOPE-113;2012-07-19;1;1
SYNCOPE-112;2012-07-17;1;1
SYNCOPE-111;2012-07-16;1;1
SYNCOPE-108;2012-07-12;1;1
SYNCOPE-106;2012-07-06;1;1
SYNCOPE-104;2012-07-04;1;1
SYNCOPE-103;2012-07-02;1;1
SYNCOPE-102;2012-06-27;1;1
SYNCOPE-101;2012-06-26;1;1
SYNCOPE-99;2012-06-20;1;1
SYNCOPE-97;2012-06-19;1;1
SYNCOPE-96;2012-06-14;1;1
SYNCOPE-95;2012-06-12;1;1
SYNCOPE-94;2012-06-08;1;1
SYNCOPE-92;2012-06-04;2;1
SYNCOPE-90;2012-05-30;1;1
SYNCOPE-86;2012-05-22;1;1
SYNCOPE-84;2012-05-22;1;1
SYNCOPE-83;2012-05-21;1;1
SYNCOPE-82;2012-05-08;1;1
SYNCOPE-81;2012-05-03;2;1
SYNCOPE-80;2012-05-03;1;1
SYNCOPE-77;2012-05-02;1;1
SYNCOPE-75;2012-05-02;1;1
SYNCOPE-72;2012-04-30;1;1
SYNCOPE-71;2012-04-30;1;1
SYNCOPE-70;2012-04-30;1;1
SYNCOPE-68;2012-04-27;1;1
SYNCOPE-65;2012-04-24;1;1
SYNCOPE-63;2012-04-24;1;1
SYNCOPE-61;2012-04-18;0;1
SYNCOPE-58;2012-04-17;1;1
SYNCOPE-54;2012-04-04;2;1
SYNCOPE-52;2012-04-04;1;1
SYNCOPE-49;2012-03-28;2;1
SYNCOPE-48;2012-03-26;1;1
SYNCOPE-47;2012-03-23;1;1
SYNCOPE-46;2012-03-22;2;1
SYNCOPE-43;2012-03-17;1;1
SYNCOPE-41;2012-03-15;2;1
SYNCOPE-40;2012-03-15;1;1
SYNCOPE-39;2012-03-15;1;1
SYNCOPE-37;2012-03-14;0;1
SYNCOPE-36;2012-03-13;0;1
SYNCOPE-34;2012-03-09;1;1
SYNCOPE-33;2012-03-09;1;1
SYNCOPE-32;2012-03-09;2;1
SYNCOPE-31;2012-03-08;1;1
SYNCOPE-30;2012-03-08;1;1
SYNCOPE-29;2012-03-08;2;1
SYNCOPE-27;2012-03-07;1;1
SYNCOPE-23;2012-03-02;1;1
SYNCOPE-21;2012-03-02;2;1
SYNCOPE-18;2012-03-01;1;1
SYNCOPE-17;2012-03-01;1;1
SYNCOPE-16;2012-03-01;1;1
SYNCOPE-12;2012-02-29;1;1
SYNCOPE-11;2012-02-29;1;1
SYNCOPE-10;2012-02-28;1;1
SYNCOPE-8;2012-02-24;1;1
SYNCOPE-3;2012-02-23;1;1
SYNCOPE-1;2012-02-21;1;1
SYNCOPE-240;2012-11-29;0;1
SYNCOPE-272;2013-01-11;1;1
SYNCOPE-347;2013-03-28;0;1
SYNCOPE-343;2013-03-22;1;1
SYNCOPE-342;2013-03-22;1;3
SYNCOPE-341;2013-03-21;1;3
SYNCOPE-339;2013-03-19;1;2
SYNCOPE-338;2013-03-19;1;1
SYNCOPE-336;2013-03-11;2;1
SYNCOPE-334;2013-03-04;1;1
SYNCOPE-332;2013-03-03;1;4
SYNCOPE-330;2013-03-01;1;1
SYNCOPE-329;2013-02-28;1;2
SYNCOPE-328;2013-02-28;1;2
SYNCOPE-327;2013-02-27;5;2
SYNCOPE-325;2013-02-25;1;3
SYNCOPE-323;2013-02-22;1;2
SYNCOPE-322;2013-02-22;1;3
SYNCOPE-321;2013-02-21;1;1
SYNCOPE-320;2013-02-20;1;1
SYNCOPE-318;2013-02-19;0;3
SYNCOPE-317;2013-02-18;1;1
SYNCOPE-316;2013-02-18;1;3
SYNCOPE-315;2013-02-15;3;3
SYNCOPE-314;2013-02-14;1;2
SYNCOPE-312;2013-02-08;2;3
SYNCOPE-310;2013-02-08;1;3
SYNCOPE-309;2013-02-04;2;3
SYNCOPE-308;2013-02-04;1;3
SYNCOPE-307;2013-02-04;2;2
SYNCOPE-306;2013-02-01;1;3
SYNCOPE-305;2013-02-01;0;3
SYNCOPE-302;2013-01-31;1;1
SYNCOPE-301;2013-01-30;1;3
SYNCOPE-297;2013-01-29;1;3
SYNCOPE-294;2013-01-28;1;2
SYNCOPE-292;2013-01-28;0;1
SYNCOPE-284;2013-01-23;1;1
SYNCOPE-274;2013-01-15;1;2
SYNCOPE-269;2013-01-10;1;3
SYNCOPE-267;2013-01-08;2;3
SYNCOPE-262;2013-01-04;2;1
SYNCOPE-260;2013-01-02;3;2
SYNCOPE-238;2012-11-19;0;2
SYNCOPE-237;2012-11-16;0;2
SYNCOPE-236;2012-11-11;0;2
SYNCOPE-234;2012-11-05;0;1
SYNCOPE-233;2012-11-03;0;3
SYNCOPE-232;2012-11-02;0;3
SYNCOPE-230;2012-10-26;0;2
SYNCOPE-228;2012-10-25;0;2
SYNCOPE-226;2012-10-18;0;2
SYNCOPE-224;2012-10-16;0;2
SYNCOPE-220;2012-10-13;0;2
SYNCOPE-217;2012-10-09;0;2
SYNCOPE-214;2012-10-04;0;2
SYNCOPE-211;2012-09-20;0;2
SYNCOPE-202;2012-09-05;0;2
SYNCOPE-197;2012-09-03;1;7
SYNCOPE-196;2012-09-03;1;2
SYNCOPE-194;2012-09-03;0;2
SYNCOPE-192;2012-08-29;0;2
SYNCOPE-191;2012-08-27;0;2
SYNCOPE-187;2012-08-14;1;3
SYNCOPE-185;2012-08-14;0;2
SYNCOPE-183;2012-08-14;1;1
SYNCOPE-182;2012-08-13;0;2
SYNCOPE-412;2013-09-16;1;1
SYNCOPE-474;2014-01-09;1;1
SYNCOPE-484;2014-03-12;1;1
SYNCOPE-531;2014-07-05;4;2
SYNCOPE-527;2014-07-02;1;2
SYNCOPE-515;2014-06-24;2;3
SYNCOPE-514;2014-06-23;1;1
SYNCOPE-512;2014-06-20;1;2
SYNCOPE-510;2014-06-19;1;1
SYNCOPE-509;2014-06-19;2;2
SYNCOPE-506;2014-06-12;1;1
SYNCOPE-504;2014-06-11;1;3
SYNCOPE-501;2014-06-10;3;2
SYNCOPE-500;2014-06-06;3;2
SYNCOPE-499;2014-06-03;2;3
SYNCOPE-498;2014-05-30;1;2
SYNCOPE-497;2014-05-30;1;2
SYNCOPE-495;2014-05-22;2;1
SYNCOPE-490;2014-05-08;1;1
SYNCOPE-489;2014-05-07;1;1
SYNCOPE-483;2014-03-11;0;1
SYNCOPE-482;2014-02-27;1;1
SYNCOPE-477;2014-01-15;2;2
SYNCOPE-476;2014-01-14;3;2
SYNCOPE-475;2014-01-09;2;2
SYNCOPE-466;2013-12-30;2;2
SYNCOPE-465;2013-12-29;4;2
SYNCOPE-462;2013-12-16;2;2
SYNCOPE-459;2013-12-04;3;3
SYNCOPE-458;2013-12-03;1;1
SYNCOPE-457;2013-12-03;1;2
SYNCOPE-455;2013-11-29;2;2
SYNCOPE-454;2013-11-29;2;2
SYNCOPE-453;2013-11-29;1;2
SYNCOPE-452;2013-11-29;2;2
SYNCOPE-440;2013-11-15;2;2
SYNCOPE-437;2013-11-13;2;2
SYNCOPE-436;2013-11-12;3;2
SYNCOPE-435;2013-11-08;2;2
SYNCOPE-434;2013-11-07;2;2
SYNCOPE-433;2013-11-07;2;2
SYNCOPE-426;2013-10-25;2;2
SYNCOPE-423;2013-10-02;3;2
SYNCOPE-419;2013-10-01;2;2
SYNCOPE-418;2013-09-20;3;2
SYNCOPE-417;2013-09-20;2;2
SYNCOPE-414;2013-09-18;1;1
SYNCOPE-404;2013-07-19;2;3
SYNCOPE-401;2013-07-11;0;2
SYNCOPE-400;2013-07-11;2;3
SYNCOPE-399;2013-07-04;0;3
SYNCOPE-398;2013-07-01;2;2
SYNCOPE-397;2013-06-26;1;2
SYNCOPE-396;2013-06-24;1;1
SYNCOPE-394;2013-06-12;3;2
SYNCOPE-387;2013-06-03;2;2
SYNCOPE-386;2013-06-03;2;2
SYNCOPE-385;2013-06-03;2;2
SYNCOPE-384;2013-05-31;2;2
SYNCOPE-383;2013-05-31;2;2
SYNCOPE-382;2013-05-31;0;2
SYNCOPE-381;2013-05-31;2;2
SYNCOPE-380;2013-05-31;0;2
SYNCOPE-377;2013-05-31;0;1
SYNCOPE-376;2013-05-30;2;2
SYNCOPE-375;2013-05-28;2;2
SYNCOPE-373;2013-05-28;2;2
SYNCOPE-372;2013-05-27;2;2
SYNCOPE-371;2013-05-21;0;2
SYNCOPE-370;2013-05-08;2;2
SYNCOPE-369;2013-05-07;2;2
SYNCOPE-368;2013-04-29;2;2
SYNCOPE-366;2013-04-26;0;2
SYNCOPE-365;2013-04-24;1;2
SYNCOPE-364;2013-04-19;2;4
SYNCOPE-363;2013-04-19;2;2
SYNCOPE-361;2013-04-19;3;2
SYNCOPE-360;2013-04-18;1;2
SYNCOPE-358;2013-04-15;3;2
SYNCOPE-357;2013-04-15;2;2
SYNCOPE-356;2013-04-14;2;2
SYNCOPE-354;2013-04-12;2;2
SYNCOPE-353;2013-04-09;2;2
SYNCOPE-352;2013-04-08;2;2
SYNCOPE-351;2013-04-05;2;4
SYNCOPE-349;2013-04-03;3;3
SYNCOPE-285;2013-01-23;3;15
SYNCOPE-655;2015-03-27;1;1
SYNCOPE-683;2015-07-13;1;1
SYNCOPE-682;2015-07-13;1;1
SYNCOPE-677;2015-07-08;1;1
SYNCOPE-716;2015-10-27;1;1
SYNCOPE-712;2015-10-19;1;1
SYNCOPE-733;2015-11-23;1;1
SYNCOPE-717;2015-10-28;4;2
SYNCOPE-710;2015-10-14;2;2
SYNCOPE-707;2015-10-13;0;3
SYNCOPE-706;2015-10-12;1;1
SYNCOPE-703;2015-10-07;1;1
SYNCOPE-702;2015-10-06;2;1
SYNCOPE-691;2015-09-07;2;2
SYNCOPE-688;2015-08-28;1;1
SYNCOPE-686;2015-08-25;3;2
SYNCOPE-684;2015-07-23;2;2
SYNCOPE-678;2015-07-08;2;2
SYNCOPE-673;2015-05-27;3;4
SYNCOPE-672;2015-05-25;2;2
SYNCOPE-671;2015-05-24;2;2
SYNCOPE-670;2015-05-21;2;2
SYNCOPE-669;2015-05-21;2;2
SYNCOPE-668;2015-05-19;1;2
SYNCOPE-664;2015-05-04;2;2
SYNCOPE-659;2015-04-15;1;2
SYNCOPE-658;2015-04-10;3;2
SYNCOPE-656;2015-04-02;2;2
SYNCOPE-654;2015-03-26;5;2
SYNCOPE-649;2015-02-27;0;2
SYNCOPE-647;2015-02-23;2;2
SYNCOPE-644;2015-02-18;2;2
SYNCOPE-643;2015-02-16;2;3
SYNCOPE-641;2015-02-13;5;2
SYNCOPE-639;2015-02-13;2;2
SYNCOPE-638;2015-02-13;2;2
SYNCOPE-632;2015-01-28;1;2
SYNCOPE-629;2015-01-20;2;3
SYNCOPE-625;2014-12-28;1;1
SYNCOPE-617;2014-12-18;1;2
SYNCOPE-615;2014-12-11;1;1
SYNCOPE-614;2014-12-04;1;2
SYNCOPE-613;2014-12-01;1;2
SYNCOPE-611;2014-11-27;1;2
SYNCOPE-610;2014-11-21;0;2
SYNCOPE-608;2014-11-19;1;2
SYNCOPE-607;2014-11-19;1;2
SYNCOPE-605;2014-11-11;1;1
SYNCOPE-603;2014-11-06;1;1
SYNCOPE-601;2014-11-06;2;3
SYNCOPE-600;2014-11-05;1;3
SYNCOPE-598;2014-11-02;1;2
SYNCOPE-597;2014-10-29;1;2
SYNCOPE-596;2014-10-28;1;3
SYNCOPE-578;2014-10-23;1;3
SYNCOPE-576;2014-10-23;1;2
SYNCOPE-574;2014-10-20;1;3
SYNCOPE-572;2014-10-20;1;2
SYNCOPE-571;2014-10-20;1;2
SYNCOPE-569;2014-10-16;1;2
SYNCOPE-568;2014-10-16;3;3
SYNCOPE-567;2014-10-15;1;2
SYNCOPE-566;2014-10-15;2;2
SYNCOPE-565;2014-10-13;2;2
SYNCOPE-564;2014-10-11;1;2
SYNCOPE-562;2014-10-08;2;2
SYNCOPE-561;2014-10-07;2;2
SYNCOPE-560;2014-10-07;2;2
SYNCOPE-557;2014-10-03;2;2
SYNCOPE-556;2014-10-02;2;2
SYNCOPE-554;2014-09-29;1;3
SYNCOPE-553;2014-09-29;2;2
SYNCOPE-551;2014-09-23;2;2
SYNCOPE-549;2014-09-16;2;2
SYNCOPE-548;2014-09-15;2;2
SYNCOPE-547;2014-09-15;7;2
SYNCOPE-545;2014-09-04;3;2
SYNCOPE-543;2014-08-27;4;3
SYNCOPE-540;2014-08-04;4;1
SYNCOPE-539;2014-07-30;2;1
SYNCOPE-532;2014-07-07;1;2
SYNCOPE-741;2015-12-09;1;2
SYNCOPE-739;2015-12-03;2;2
SYNCOPE-735;2015-11-25;3;2
SYNCOPE-729;2015-11-10;2;2
SYNCOPE-782;2016-03-19;1;1
SYNCOPE-780;2016-03-17;1;1
SYNCOPE-776;2016-03-14;1;1
SYNCOPE-775;2016-03-03;1;1
SYNCOPE-774;2016-03-03;1;1
SYNCOPE-762;2016-01-29;1;1
SYNCOPE-759;2016-01-21;1;1
SYNCOPE-758;2016-01-20;1;1
SYNCOPE-756;2016-01-04;1;1
SYNCOPE-730;2015-11-11;1;1
SYNCOPE-850;2016-05-12;1;1
SYNCOPE-849;2016-05-12;0;1
SYNCOPE-847;2016-05-11;1;1
SYNCOPE-846;2016-05-11;1;1
SYNCOPE-844;2016-05-11;1;1
SYNCOPE-840;2016-05-05;0;1
SYNCOPE-839;2016-05-03;1;1
SYNCOPE-837;2016-04-27;1;1
SYNCOPE-836;2016-04-22;1;1
SYNCOPE-825;2016-04-06;1;1
SYNCOPE-823;2016-04-05;1;1
SYNCOPE-817;2016-03-29;2;1
SYNCOPE-814;2016-03-24;2;1
SYNCOPE-813;2016-03-24;1;1
SYNCOPE-812;2016-03-24;2;1
SYNCOPE-811;2016-03-24;1;1
SYNCOPE-801;2016-03-23;1;1
SYNCOPE-800;2016-03-23;1;3
SYNCOPE-799;2016-03-22;2;1
SYNCOPE-798;2016-03-22;1;1
SYNCOPE-793;2016-03-22;1;1
SYNCOPE-792;2016-03-22;1;1
SYNCOPE-783;2016-03-21;1;1
SYNCOPE-781;2016-03-17;1;1
SYNCOPE-769;2016-02-18;1;3
SYNCOPE-768;2016-02-18;1;3
SYNCOPE-737;2015-12-01;1;1
SYNCOPE-875;2016-06-22;1;1
SYNCOPE-869;2016-06-07;1;1
SYNCOPE-868;2016-06-06;1;1
SYNCOPE-867;2016-06-06;1;1
SYNCOPE-865;2016-05-31;2;1
SYNCOPE-863;2016-05-26;1;1
SYNCOPE-845;2016-05-11;2;3
SYNCOPE-927;2016-08-31;1;1
SYNCOPE-921;2016-08-12;1;1
SYNCOPE-918;2016-08-08;1;1
SYNCOPE-916;2016-08-04;1;1
SYNCOPE-915;2016-08-04;1;1
SYNCOPE-912;2016-07-29;1;1
SYNCOPE-911;2016-07-29;2;1
SYNCOPE-908;2016-07-25;1;1
SYNCOPE-907;2016-07-25;1;1
SYNCOPE-905;2016-07-14;1;1
SYNCOPE-901;2016-07-08;1;3
SYNCOPE-900;2016-07-07;1;1
SYNCOPE-899;2016-07-07;1;1
SYNCOPE-898;2016-07-07;2;1
SYNCOPE-893;2016-07-05;1;1
SYNCOPE-892;2016-07-05;1;1
SYNCOPE-891;2016-06-30;1;1
SYNCOPE-888;2016-06-30;1;1
SYNCOPE-887;2016-06-30;1;1
SYNCOPE-886;2016-06-30;1;1
SYNCOPE-884;2016-06-28;2;1
SYNCOPE-883;2016-06-28;1;1
SYNCOPE-881;2016-06-27;1;1
SYNCOPE-879;2016-06-24;2;1
SYNCOPE-878;2016-06-24;1;1
SYNCOPE-872;2016-06-14;2;2
SYNCOPE-935;2016-09-07;1;1
SYNCOPE-934;2016-09-07;1;1
SYNCOPE-933;2016-09-07;1;1
SYNCOPE-931;2016-09-06;3;1
SYNCOPE-930;2016-09-02;1;2
SYNCOPE-738;2015-12-02;4;1
SYNCOPE-954;2016-10-04;0;1
SYNCOPE-943;2016-09-13;0;1
SYNCOPE-939;2016-09-12;0;1
SYNCOPE-936;2016-09-08;1;3
SYNCOPE-929;2016-09-02;1;3
SYNCOPE-928;2016-09-01;1;4
SYNCOPE-923;2016-08-23;1;3
SYNCOPE-876;2016-06-23;1;3
SYNCOPE-947;2016-09-19;1;1
SYNCOPE-973;2016-11-25;1;1
SYNCOPE-963;2016-11-04;0;1
SYNCOPE-1102;2017-05-31;0;5
SYNCOPE-1326;2018-06-22;1;3
SYNCOPE-1321;2018-06-11;1;2
SYNCOPE-1320;2018-06-01;1;2
SYNCOPE-1319;2018-05-29;1;2
SYNCOPE-1318;2018-05-29;4;2
SYNCOPE-1317;2018-05-27;0;2
SYNCOPE-1315;2018-05-22;2;2
SYNCOPE-1314;2018-05-22;1;2
SYNCOPE-1312;2018-05-15;1;2
SYNCOPE-1309;2018-05-11;1;2
SYNCOPE-1308;2018-05-03;1;2
SYNCOPE-1307;2018-04-26;1;2
SYNCOPE-1306;2018-04-24;1;2
SYNCOPE-1304;2018-04-23;1;2
SYNCOPE-1303;2018-04-23;2;1
SYNCOPE-1301;2018-04-12;1;2
SYNCOPE-1298;2018-04-10;1;2
SYNCOPE-1297;2018-04-09;1;2
SYNCOPE-1296;2018-04-06;1;2
SYNCOPE-1294;2018-04-04;1;3
SYNCOPE-1293;2018-04-04;1;3
SYNCOPE-1291;2018-04-03;1;2
SYNCOPE-1290;2018-04-02;0;2
SYNCOPE-1288;2018-03-29;1;1
SYNCOPE-1285;2018-03-22;1;2
SYNCOPE-1282;2018-03-15;1;2
SYNCOPE-1276;2018-02-13;1;2
SYNCOPE-1275;2018-02-12;1;2
SYNCOPE-1272;2018-02-09;1;2
SYNCOPE-1269;2018-02-06;1;2
SYNCOPE-1266;2018-01-30;2;2
SYNCOPE-1265;2018-01-29;1;2
SYNCOPE-1263;2018-01-22;2;2
SYNCOPE-1261;2018-01-04;1;2
SYNCOPE-1257;2017-12-28;1;2
SYNCOPE-1254;2017-12-20;1;1
SYNCOPE-1253;2017-12-18;1;2
SYNCOPE-1252;2017-12-18;1;2
SYNCOPE-1251;2017-12-14;1;2
SYNCOPE-1250;2017-12-13;2;2
SYNCOPE-1248;2017-12-11;1;2
SYNCOPE-1247;2017-12-07;1;2
SYNCOPE-1246;2017-12-07;1;2
SYNCOPE-1244;2017-12-03;2;2
SYNCOPE-1241;2017-12-01;1;2
SYNCOPE-1239;2017-11-25;1;2
SYNCOPE-1236;2017-11-15;2;2
SYNCOPE-1235;2017-11-15;2;2
SYNCOPE-1233;2017-11-09;1;2
SYNCOPE-1232;2017-11-02;1;2
SYNCOPE-1231;2017-10-31;1;2
SYNCOPE-1230;2017-10-31;1;2
SYNCOPE-1229;2017-10-31;1;2
SYNCOPE-1227;2017-10-27;1;2
SYNCOPE-1226;2017-10-24;1;2
SYNCOPE-1224;2017-10-16;2;2
SYNCOPE-1223;2017-10-12;1;2
SYNCOPE-1222;2017-10-11;1;2
SYNCOPE-1217;2017-10-04;1;2
SYNCOPE-1216;2017-10-02;1;6
SYNCOPE-1215;2017-09-27;1;2
SYNCOPE-1214;2017-09-27;1;2
SYNCOPE-1213;2017-09-26;3;2
SYNCOPE-1211;2017-09-20;1;3
SYNCOPE-1210;2017-09-20;1;4
SYNCOPE-1207;2017-09-12;2;2
SYNCOPE-1206;2017-09-08;1;2
SYNCOPE-1205;2017-09-08;1;2
SYNCOPE-1203;2017-09-04;1;1
SYNCOPE-1199;2017-08-17;1;3
SYNCOPE-1193;2017-08-10;1;2
SYNCOPE-1190;2017-08-07;4;2
SYNCOPE-1189;2017-08-07;1;2
SYNCOPE-1188;2017-08-07;1;2
SYNCOPE-1184;2017-08-02;0;2
SYNCOPE-1180;2017-07-28;2;2
SYNCOPE-1179;2017-07-28;1;2
SYNCOPE-1178;2017-07-28;1;1
SYNCOPE-1175;2017-07-27;1;2
SYNCOPE-1174;2017-07-27;2;2
SYNCOPE-1170;2017-07-20;1;1
SYNCOPE-1169;2017-07-19;0;2
SYNCOPE-1168;2017-07-18;1;2
SYNCOPE-1166;2017-07-17;1;2
SYNCOPE-1163;2017-07-14;1;2
SYNCOPE-1162;2017-07-13;1;2
SYNCOPE-1158;2017-07-12;1;2
SYNCOPE-1151;2017-07-10;2;2
SYNCOPE-1150;2017-07-10;1;2
SYNCOPE-1149;2017-07-05;3;2
SYNCOPE-1141;2017-07-04;2;2
SYNCOPE-1140;2017-07-03;1;2
SYNCOPE-1139;2017-07-03;1;2
SYNCOPE-1135;2017-06-28;1;2
SYNCOPE-1134;2017-06-28;1;2
SYNCOPE-1133;2017-06-28;1;2
SYNCOPE-1131;2017-06-27;1;2
SYNCOPE-1130;2017-06-27;1;2
SYNCOPE-1128;2017-06-27;1;5
SYNCOPE-1127;2017-06-27;0;2
SYNCOPE-1125;2017-06-26;2;2
SYNCOPE-1123;2017-06-23;2;2
SYNCOPE-1122;2017-06-23;0;2
SYNCOPE-1121;2017-06-23;1;2
SYNCOPE-1114;2017-06-21;1;2
SYNCOPE-1112;2017-06-19;2;2
SYNCOPE-1111;2017-06-16;1;2
SYNCOPE-1110;2017-06-15;2;2
SYNCOPE-1109;2017-06-13;1;2
SYNCOPE-1108;2017-06-13;1;2
SYNCOPE-1107;2017-06-12;1;2
SYNCOPE-1104;2017-06-06;1;2
SYNCOPE-1101;2017-05-31;1;1
SYNCOPE-1099;2017-05-26;1;2
SYNCOPE-1098;2017-05-25;1;2
SYNCOPE-1094;2017-05-24;1;2
SYNCOPE-1091;2017-05-24;1;2
SYNCOPE-1090;2017-05-24;1;2
SYNCOPE-1089;2017-05-22;1;2
SYNCOPE-1085;2017-05-19;1;2
SYNCOPE-1082;2017-05-16;2;2
SYNCOPE-1081;2017-05-12;3;1
SYNCOPE-1079;2017-05-09;1;2
SYNCOPE-1078;2017-05-09;1;1
SYNCOPE-1076;2017-05-08;1;2
SYNCOPE-1075;2017-05-05;1;2
SYNCOPE-1071;2017-04-26;1;2
SYNCOPE-1070;2017-04-21;1;4
SYNCOPE-1069;2017-04-20;2;1
SYNCOPE-1066;2017-04-14;1;2
SYNCOPE-1062;2017-04-06;1;2
SYNCOPE-1060;2017-04-05;2;2
SYNCOPE-1057;2017-04-04;2;1
SYNCOPE-1052;2017-03-30;1;1
SYNCOPE-1051;2017-03-28;2;2
SYNCOPE-1049;2017-03-21;1;2
SYNCOPE-1048;2017-03-17;1;2
SYNCOPE-1046;2017-03-14;1;2
SYNCOPE-1045;2017-03-14;1;2
SYNCOPE-1044;2017-03-13;1;2
SYNCOPE-1043;2017-03-07;3;2
SYNCOPE-1042;2017-03-07;1;2
SYNCOPE-1040;2017-03-01;1;2
SYNCOPE-1039;2017-03-01;1;2
SYNCOPE-1038;2017-03-01;1;2
SYNCOPE-1037;2017-03-01;1;2
SYNCOPE-1036;2017-03-01;1;2
SYNCOPE-1034;2017-02-28;1;2
SYNCOPE-1033;2017-02-24;1;2
SYNCOPE-1032;2017-02-24;1;2
SYNCOPE-1030;2017-02-24;1;2
SYNCOPE-1027;2017-02-24;1;2
SYNCOPE-1026;2017-02-24;1;2
SYNCOPE-1025;2017-02-23;1;2
SYNCOPE-1024;2017-02-23;2;2
SYNCOPE-1023;2017-02-22;1;2
SYNCOPE-1022;2017-02-22;1;2
SYNCOPE-1016;2017-02-15;2;2
SYNCOPE-1014;2017-02-12;2;2
SYNCOPE-1013;2017-02-12;2;2
SYNCOPE-1012;2017-02-12;1;2
SYNCOPE-1010;2017-02-12;1;2
SYNCOPE-1008;2017-02-07;1;2
SYNCOPE-1007;2017-02-02;1;2
SYNCOPE-1004;2017-01-31;1;2
SYNCOPE-1003;2017-01-31;1;2
SYNCOPE-1002;2017-01-25;1;2
SYNCOPE-1001;2017-01-24;1;2
SYNCOPE-1000;2017-01-23;1;2
SYNCOPE-999;2017-01-20;3;4
SYNCOPE-997;2017-01-13;2;2
SYNCOPE-994;2017-01-12;2;2
SYNCOPE-993;2017-01-12;1;2
SYNCOPE-992;2017-01-12;1;2
SYNCOPE-990;2017-01-10;1;2
SYNCOPE-987;2016-12-29;3;2
SYNCOPE-982;2016-12-19;1;2
SYNCOPE-981;2016-12-12;1;2
SYNCOPE-980;2016-12-07;1;2
SYNCOPE-979;2016-12-01;1;2
SYNCOPE-977;2016-11-30;1;2
SYNCOPE-976;2016-11-28;1;4
SYNCOPE-975;2016-11-26;1;3
SYNCOPE-974;2016-11-25;1;2
SYNCOPE-970;2016-11-17;1;2
SYNCOPE-966;2016-11-10;1;2
SYNCOPE-965;2016-11-07;1;4
SYNCOPE-953;2016-09-29;1;2
SYNCOPE-950;2016-09-23;1;1
SYNCOPE-946;2016-09-19;4;2
SYNCOPE-944;2016-09-16;2;2
SYNCOPE-942;2016-09-13;1;2
SYNCOPE-940;2016-09-12;1;2
SYNCOPE-937;2016-09-12;4;3
SYNCOPE-1331;2018-07-06;1;1
SYNCOPE-1372;2018-09-17;1;3
SYNCOPE-1371;2018-09-13;1;1
SYNCOPE-1398;2018-11-19;0;1
SYNCOPE-1475;2019-05-29;0;1
SYNCOPE-1462;2019-04-29;0;1
SYNCOPE-1524;2019-12-11;0;3
SYNCOPE-1581;2020-07-17;0;1
SYNCOPE-1549;2020-03-19;0;3
SYNCOPE-1596;2020-10-26;1;1
SYNCOPE-1590;2020-09-14;0;1
SYNCOPE-1691;2022-08-03;0;2
SYNCOPE-1690;2022-07-14;0;1
SYNCOPE-1684;2022-06-23;0;1
SYNCOPE-1683;2022-06-21;0;2
SYNCOPE-1677;2022-05-18;1;1
SYNCOPE-1676;2022-05-12;1;1
SYNCOPE-1672;2022-04-06;1;1
SYNCOPE-1671;2022-04-06;1;2
SYNCOPE-1664;2022-02-24;1;3
SYNCOPE-1663;2022-02-05;2;2
SYNCOPE-1660;2022-01-27;1;2
SYNCOPE-1659;2022-01-20;1;2
SYNCOPE-1657;2022-01-17;1;2
SYNCOPE-1656;2022-01-12;2;2
SYNCOPE-1654;2021-11-29;1;2
SYNCOPE-1651;2021-11-24;1;2
SYNCOPE-1650;2021-11-12;1;2
SYNCOPE-1649;2021-11-10;1;2
SYNCOPE-1648;2021-11-05;1;2
SYNCOPE-1644;2021-09-28;2;2
SYNCOPE-1643;2021-09-17;1;2
SYNCOPE-1640;2021-08-12;1;3
SYNCOPE-1635;2021-05-20;1;3
SYNCOPE-1634;2021-05-18;1;3
SYNCOPE-1629;2021-04-15;2;2
SYNCOPE-1628;2021-04-14;2;3
SYNCOPE-1626;2021-04-02;1;4
SYNCOPE-1622;2021-03-17;1;3
SYNCOPE-1620;2021-03-04;1;3
SYNCOPE-1619;2021-02-26;2;2
SYNCOPE-1616;2021-02-05;1;3
SYNCOPE-1613;2021-01-26;1;2
SYNCOPE-1612;2021-01-25;2;1
SYNCOPE-1607;2021-01-08;1;3
SYNCOPE-1606;2020-12-22;1;2
SYNCOPE-1605;2020-12-01;1;3
SYNCOPE-1604;2020-11-24;1;2
SYNCOPE-1603;2020-11-19;1;2
SYNCOPE-1602;2020-11-18;1;2
SYNCOPE-1601;2020-11-17;1;2
SYNCOPE-1598;2020-11-05;1;3
SYNCOPE-1586;2020-09-08;1;2
SYNCOPE-1583;2020-07-21;1;3
SYNCOPE-1573;2020-06-30;1;3
SYNCOPE-1569;2020-06-11;1;2
SYNCOPE-1567;2020-05-19;1;3
SYNCOPE-1565;2020-05-18;1;3
SYNCOPE-1564;2020-05-18;1;3
SYNCOPE-1563;2020-05-15;1;2
SYNCOPE-1561;2020-05-13;1;2
SYNCOPE-1560;2020-05-12;5;3
SYNCOPE-1554;2020-04-17;1;2
SYNCOPE-1546;2020-03-06;1;3
SYNCOPE-1544;2020-02-20;2;2
SYNCOPE-1542;2020-02-13;4;2
SYNCOPE-1539;2020-02-03;1;3
SYNCOPE-1538;2020-01-31;6;2
SYNCOPE-1537;2020-01-30;3;2
SYNCOPE-1536;2020-01-28;1;2
SYNCOPE-1533;2020-01-14;2;2
SYNCOPE-1526;2019-12-12;1;3
SYNCOPE-1525;2019-12-12;1;3
SYNCOPE-1520;2019-12-02;2;2
SYNCOPE-1512;2019-11-18;1;2
SYNCOPE-1505;2019-10-29;1;4
SYNCOPE-1504;2019-10-15;1;2
SYNCOPE-1503;2019-10-10;1;2
SYNCOPE-1493;2019-09-10;1;3
SYNCOPE-1492;2019-09-09;1;1
SYNCOPE-1488;2019-09-09;1;2
SYNCOPE-1487;2019-09-09;1;4
SYNCOPE-1485;2019-09-04;1;3
SYNCOPE-1484;2019-09-03;1;2
SYNCOPE-1483;2019-09-03;1;1
SYNCOPE-1481;2019-08-07;1;3
SYNCOPE-1480;2019-07-25;1;3
SYNCOPE-1478;2019-06-25;1;2
SYNCOPE-1477;2019-06-05;1;3
SYNCOPE-1476;2019-06-03;3;3
SYNCOPE-1474;2019-05-24;1;2
SYNCOPE-1472;2019-05-17;1;3
SYNCOPE-1470;2019-05-07;1;2
SYNCOPE-1469;2019-05-07;2;2
SYNCOPE-1467;2019-05-03;1;3
SYNCOPE-1461;2019-04-16;1;2
SYNCOPE-1457;2019-04-05;2;3
SYNCOPE-1454;2019-04-02;1;3
SYNCOPE-1453;2019-03-27;2;3
SYNCOPE-1452;2019-03-25;1;3
SYNCOPE-1450;2019-03-12;1;3
SYNCOPE-1448;2019-03-11;1;2
SYNCOPE-1447;2019-03-11;1;2
SYNCOPE-1446;2019-03-08;1;2
SYNCOPE-1443;2019-02-28;1;3
SYNCOPE-1442;2019-02-26;1;3
SYNCOPE-1440;2019-02-21;1;3
SYNCOPE-1439;2019-02-20;2;3
SYNCOPE-1438;2019-02-20;1;3
SYNCOPE-1437;2019-02-19;1;2
SYNCOPE-1432;2019-02-05;1;2
SYNCOPE-1431;2019-02-05;1;2
SYNCOPE-1430;2019-01-28;2;3
SYNCOPE-1429;2019-01-25;1;3
SYNCOPE-1428;2019-01-25;1;3
SYNCOPE-1425;2019-01-17;1;3
SYNCOPE-1420;2018-12-21;1;3
SYNCOPE-1419;2018-12-20;4;3
SYNCOPE-1417;2018-12-13;1;3
SYNCOPE-1411;2018-12-10;2;3
SYNCOPE-1408;2018-12-05;3;3
SYNCOPE-1407;2018-12-04;2;3
SYNCOPE-1406;2018-12-03;1;2
SYNCOPE-1405;2018-12-03;1;3
SYNCOPE-1404;2018-11-28;1;1
SYNCOPE-1399;2018-11-20;2;1
SYNCOPE-1393;2018-11-05;1;3
SYNCOPE-1391;2018-11-02;1;3
SYNCOPE-1390;2018-11-01;1;3
SYNCOPE-1389;2018-10-24;1;3
SYNCOPE-1388;2018-10-23;1;3
SYNCOPE-1387;2018-10-23;1;2
SYNCOPE-1383;2018-10-11;3;3
SYNCOPE-1380;2018-10-10;1;3
SYNCOPE-1377;2018-10-01;1;3
SYNCOPE-1376;2018-09-27;1;3
SYNCOPE-1375;2018-09-26;1;3
SYNCOPE-1374;2018-09-20;2;3
SYNCOPE-1373;2018-09-17;1;3
SYNCOPE-1370;2018-09-12;1;3
SYNCOPE-1366;2018-09-05;1;3
SYNCOPE-1365;2018-09-05;1;2
SYNCOPE-1364;2018-09-05;0;2
SYNCOPE-1363;2018-09-05;1;2
SYNCOPE-1362;2018-09-05;1;2
SYNCOPE-1361;2018-09-04;1;3
SYNCOPE-1360;2018-09-03;1;3
SYNCOPE-1358;2018-08-16;1;3
SYNCOPE-1357;2018-08-16;1;3
SYNCOPE-1356;2018-08-16;1;3
SYNCOPE-1354;2018-08-13;1;3
SYNCOPE-1353;2018-08-11;1;3
SYNCOPE-1352;2018-08-10;1;3
SYNCOPE-1350;2018-08-09;2;3
SYNCOPE-1347;2018-07-31;1;3
SYNCOPE-1346;2018-07-26;1;3
SYNCOPE-1344;2018-07-24;1;2
SYNCOPE-1343;2018-07-24;2;3
SYNCOPE-1342;2018-07-22;1;2
SYNCOPE-1340;2018-07-20;1;3
SYNCOPE-1339;2018-07-16;1;3
SYNCOPE-1338;2018-07-16;1;3
SYNCOPE-1337;2018-07-13;1;3
SYNCOPE-1335;2018-07-11;2;2
SYNCOPE-1334;2018-07-10;1;2
SYNCOPE-1333;2018-07-09;3;3
SYNCOPE-1693;2022-08-26;0;1
SYNCOPE-1627;2021-04-12;0;1
SYNCOPE-1623;2021-03-19;0;1
SYNCOPE-1330;2018-07-02;1;1
SYNCOPE-1221;2017-10-11;0;1
SYNCOPE-734;2015-11-23;1;1
SYNCOPE-726;2015-11-09;0;1
SYNCOPE-689;2015-08-28;1;1
SYNCOPE-563;2014-10-09;0;1
SYNCOPE-546;2014-09-04;1;1
SYNCOPE-481;2014-02-12;0;1
SYNCOPE-456;2013-12-02;1;1
